m_12	babatɬi padan	b	i1	cd	53.548508763010986	3.021793730018868	3.075342238781879
m_12	babatɬi padan	b	i1	f	5.900086165160356	3.075342238781879	3.0812423249470395
m_12	babatɬi padan	a	i1	m	113.44256581194978	3.0812423249470395	3.1946848907589893
m_12	babatɬi padan	b	i1	cd	39.144369569832804	3.1946848907589893	3.233829260328822
m_12	babatɬi padan	a	i1	m	94.64935581263889	3.233829260328822	3.328478616141461
m_12	babatɬi padan	tɬ	i1	cd	90.93856814240375	3.328478616141461	3.4194171842838648
m_12	babatɬi padan	tɬ	i1	f	68.07383971441583	3.4194171842838648	3.4874910239982806
m_12	babatɬi padan	i	i1	m	36.66414481708236	3.4874910239982806	3.524155168815363
m_12	babatɬi padan	p	i1	f	21.336576626906467	3.5955616107951807	3.616898187422087
m_12	babatɬi padan	a	i1	m	110.74699296822921	3.616898187422087	3.7276451803903163
m_12	babatɬi padan	d	i1	cd	59.46288082182561	3.7276451803903163	3.787108061212142
m_12	babatɬi padan	d	i1	f	24.512169426662123	3.787108061212142	3.811620230638804
m_12	babatɬi padan	a	i1	m	173.46912156031811	3.811620230638804	3.985089352199122
m_12	babatɬi padan	b	i2	cd	84.81001352575745	5.119388482064856	5.204198495590614
m_12	babatɬi padan	b	i2	f	8.440919292483251	5.204198495590614	5.212639414883097
m_12	babatɬi padan	a	i2	m	108.14927843494092	5.212639414883097	5.320788693318038
m_12	babatɬi padan	b	i2	cd	56.60017186511723	5.320788693318038	5.377388865183155
m_12	babatɬi padan	b	i2	f	3.6929021904610337	5.377388865183155	5.381081767373616
m_12	babatɬi padan	a	i2	m	96.27923567988628	5.381081767373616	5.4773610030535025
m_12	babatɬi padan	tɬ	i2	cd	87.6266099850609	5.4773610030535025	5.564987613038563
m_12	babatɬi padan	tɬ	i2	f	62.77933723784379	5.564987613038563	5.627766950276407
m_12	babatɬi padan	i	i2	m	30.3345537073616	5.627766950276407	5.658101503983769
m_12	babatɬi padan	p	i2	f	33.690553301577	5.733581487172498	5.767272040474075
m_12	babatɬi padan	a	i2	m	92.39567862989074	5.767272040474075	5.859667719103966
m_12	babatɬi padan	d	i2	cd	82.6020088417625	5.859667719103966	5.942269727945728
m_12	babatɬi padan	d	i2	f	24.256128608057814	5.942269727945728	5.966525856553786
m_12	babatɬi padan	a	i2	m	196.75405732499308	5.966525856553786	6.163279913878779
m_12	babatɬi padan	b	i3	cd	42.891966415277594	7.245438920221844	7.288330886637121
m_12	babatɬi padan	b	i3	f	4.40319421737545	7.288330886637121	7.292734080854497
m_12	babatɬi padan	a	i3	m	107.87825832571052	7.292734080854497	7.400612339180207
m_12	babatɬi padan	b	i3	cd	66.93581058364816	7.400612339180207	7.467548149763855
m_12	babatɬi padan	a	i3	m	95.26446205806582	7.467548149763855	7.562812611821921
m_12	babatɬi padan	tɬ	i3	cd	95.92269968575539	7.562812611821921	7.658735311507677
m_12	babatɬi padan	tɬ	i3	f	80.8903630464437	7.658735311507677	7.73962567455412
m_12	babatɬi padan	i	i3	m	51.469992974865875	7.73962567455412	7.791095667528986
m_12	babatɬi padan	p	i3	f	25.467827647875474	7.8663794265974705	7.891847254245346
m_12	babatɬi padan	a	i3	m	92.69953167818645	7.891847254245346	7.984546785923532
m_12	babatɬi padan	d	i3	cd	75.72980432878751	7.984546785923532	8.06027659025232
m_12	babatɬi padan	d	i3	f	23.440543807682346	8.06027659025232	8.083717134060002
m_12	babatɬi padan	a	i3	m	174.67794301472674	8.083717134060002	8.258395077074729
m_12	babatɬi padan	b	c	cd	60.01407219549115	9.683527092767925	9.743541164963416
m_12	babatɬi padan	a	c	m	100.89236006298385	9.743541164963416	9.8444335250264
m_12	babatɬi padan	b	c	cd	28.73329147472603	9.8444335250264	9.873166816501126
m_12	babatɬi padan	a	c	m	90.26317829556518	9.873166816501126	9.963429994796691
m_12	babatɬi padan	tɬ	c	cd	77.62760371081256	9.963429994796691	10.041057598507503
m_12	babatɬi padan	tɬ	c	f	37.84075389802943	10.041057598507503	10.078898352405533
m_12	babatɬi padan	i	c	m	32.754783335830595	10.078898352405533	10.111653135741363
m_12	babatɬi padan	p	c	f	36.32712374210634	10.171580639644354	10.20790776338646
m_12	babatɬi padan	a	c	m	88.59621417565045	10.20790776338646	10.29650397756211
m_12	babatɬi padan	d	c	cd	66.63944678757794	10.29650397756211	10.363143424349689
m_12	babatɬi padan	d	c	f	31.478933553247046	10.363143424349689	10.394622357902936
m_12	babatɬi padan	a	c	m	171.265676540985	10.394622357902936	10.56588803444392
m_12	batʃ:un:u	b	i1	cd	92.03337780345322	13.71481555633574	13.806848934139193
m_12	batʃ:un:u	b	i1	f	5.305302979515147	13.806848934139193	13.812154237118708
m_12	batʃ:un:u	a	i1	m	93.12255033521488	13.812154237118708	13.905276787453923
m_12	batʃ:un:u	tʃ:	i1	cd	61.504249073291106	13.905276787453923	13.966781036527214
m_12	batʃ:un:u	tʃ:	i1	f	125.92254748163079	13.966781036527214	14.092703584008845
m_12	batʃ:un:u	u	i1	m	68.78169635624687	14.092703584008845	14.161485280365092
m_12	batʃ:un:u	b	i2	cd	71.82366729643874	15.834406604340545	15.906230271636984
m_12	batʃ:un:u	b	i2	f	9.786321211651128	15.906230271636984	15.916016592848635
m_12	batʃ:un:u	a	i2	m	94.67394762361536	15.916016592848635	16.01069054047225
m_12	batʃ:un:u	tʃ:	i2	cd	53.338243834197385	16.01069054047225	16.064028784306448
m_12	batʃ:un:u	tʃ:	i2	f	121.28779048287086	16.064028784306448	16.18531657478932
m_12	batʃ:un:u	u	i2	m	71.82977002313251	16.18531657478932	16.25714634481245
m_12	batʃ:un:u	b	i3	cd	17.988831538005456	17.70347696952497	17.721465801062976
m_12	batʃ:un:u	b	i3	f	6.895909941004419	17.721465801062976	17.72836171100398
m_12	batʃ:un:u	a	i3	m	99.41603498283769	17.72836171100398	17.82777774598682
m_12	batʃ:un:u	tʃ:	i3	cd	50.06885670131922	17.82777774598682	17.877846602688138
m_12	batʃ:un:u	tʃ:	i3	f	121.25308312935701	17.877846602688138	17.999099685817495
m_12	batʃ:un:u	u	i3	m	73.73002138034934	17.999099685817495	18.072829707197844
m_12	batʃ:un:u	b	c	cd	57.695661572996215	19.86968493665023	19.927380598223227
m_12	batʃ:un:u	b	c	f	7.831328701083606	19.927380598223227	19.93521192692431
m_12	batʃ:un:u	a	c	m	100.32355740757737	19.93521192692431	20.035535484331888
m_12	batʃ:un:u	tʃ:	c	cd	39.814307529066895	20.035535484331888	20.075349791860955
m_12	batʃ:un:u	tʃ:	c	f	125.86063983888351	20.075349791860955	20.201210431699838
m_12	batʃ:un:u	u	c	m	66.00498902554364	20.201210431699838	20.267215420725382
m_12	bek':ub	b	i1	cd	43.14609053379215	23.451847313009104	23.494993403542896
m_12	bek':ub	b	i1	f	3.2907915282933686	23.494993403542896	23.49828419507119
m_12	bek':ub	e	i1	m	86.87689634688311	23.49828419507119	23.585161091418072
m_12	bek':ub	k':	i1	cd	49.6205008060393	23.585161091418072	23.634781592224112
m_12	bek':ub	k':	i1	f	155.1608205589261	23.634781592224112	23.789942412783038
m_12	bek':ub	u	i1	m	205.22827815020506	23.789942412783038	23.995170690933243
m_12	bek':ub	b	i2	cd	55.745325311413296	25.246000378744853	25.301745704056266
m_12	bek':ub	b	i2	f	11.18547399272174	25.301745704056266	25.312931178048988
m_12	bek':ub	e	i2	m	114.41141969699231	25.312931178048988	25.42734259774598
m_12	bek':ub	k':	i2	cd	75.84836348140911	25.42734259774598	25.50319096122739
m_12	bek':ub	k':	i2	f	132.62776305656843	25.50319096122739	25.635818724283958
m_12	bek':ub	u	i2	m	230.2765926978516	25.635818724283958	25.86609531698181
m_12	bek':ub	b	i3	cd	54.19559959469922	26.996672739736184	27.050868339330883
m_12	bek':ub	b	i3	f	7.226677682442784	27.050868339330883	27.058095017013326
m_12	bek':ub	e	i3	m	109.99316336223686	27.058095017013326	27.168088180375563
m_12	bek':ub	k':	i3	cd	46.75045751167062	27.168088180375563	27.214838637887233
m_12	bek':ub	k':	i3	f	130.94829089676097	27.214838637887233	27.345786928783994
m_12	bek':ub	u	i3	m	225.97801768479542	27.345786928783994	27.57176494646879
m_12	bek':ub	b	c	cd	50.781242539159166	29.042279607086343	29.093060849625502
m_12	bek':ub	b	c	f	8.160073454412498	29.093060849625502	29.101220923079914
m_12	bek':ub	e	c	m	96.37375220517086	29.101220923079914	29.197594675285085
m_12	bek':ub	k':	c	cd	56.64202450874001	29.197594675285085	29.254236699793825
m_12	bek':ub	k':	c	f	97.33801906336836	29.254236699793825	29.351574718857194
m_12	bek':ub	u	c	m	163.12876850463098	29.351574718857194	29.514703487361825
m_12	bot'i	b	i1	f	9.496643493896784	35.09414124219275	35.103637885686645
m_12	bot'i	o	i1	m	106.42375622776257	35.103637885686645	35.21006164191441
m_12	bot'i	t'	i1	cd	56.122773375506085	35.21006164191441	35.26618441528991
m_12	bot'i	t'	i1	f	31.77187746514676	35.26618441528991	35.29795629275506
m_12	bot'i	t'	i1	pf	62.14042231918171	35.29795629275506	35.36009671507424
m_12	bot'i	i	i1	m	193.46627854820753	35.36009671507424	35.55356299362245
m_12	bot'i	b	i2	cd	66.40763266436522	36.68321212154611	36.74961975421048
m_12	bot'i	b	i2	f	41.3273261561784	36.74961975421048	36.79094708036666
m_12	bot'i	o	i2	m	101.99752780603433	36.79094708036666	36.89294460817269
m_12	bot'i	t'	i2	cd	48.32519494271992	36.89294460817269	36.94126980311541
m_12	bot'i	t'	i2	f	49.27170060361874	36.94126980311541	36.99054150371903
m_12	bot'i	t'	i2	pf	76.91236544466307	36.99054150371903	37.06745386916369
m_12	bot'i	i	i2	m	255.98089236480348	37.06745386916369	37.323434761528496
m_12	bot'i	b	i3	cd	27.57710829060045	37.96246082005318	37.99003792834378
m_12	bot'i	b	i3	f	28.422510269720647	37.99003792834378	38.0184604386135
m_12	bot'i	o	i3	m	121.55012155346867	38.0184604386135	38.14001056016697
m_12	bot'i	t'	i3	cd	31.0107366552117	38.14001056016697	38.17102129682218
m_12	bot'i	t'	i3	f	42.75198865079943	38.17102129682218	38.21377328547298
m_12	bot'i	t'	i3	pf	50.089044627021906	38.21377328547298	38.263862330100004
m_12	bot'i	i	i3	cv	23.866363079136477	38.263862330100004	38.28772869317914
m_12	bot'i	i	i3	m	234.23033230579193	38.28772869317914	38.52195902548493
m_12	bot'i	b	c	cd	49.787240714437075	39.946921911043766	39.9967091517582
m_12	bot'i	b	c	f	7.46680811778333	39.9967091517582	40.00417595987599
m_12	bot'i	o	c	m	117.07251659237983	40.00417595987599	40.12124847646837
m_12	bot'i	t'	c	cd	32.78442987259211	40.12124847646837	40.15403290634096
m_12	bot'i	t'	c	f	37.75962226636409	40.15403290634096	40.19179252860732
m_12	bot'i	t'	c	pf	71.09687951250976	40.19179252860732	40.26288940811983
m_12	bot'i	i	c	m	202.70116418947026	40.26288940811983	40.4655905723093
m_12	buk:uja	b	i1	f	9.739305178889879	43.575568794176775	43.585308099355665
m_12	buk:uja	b	i1	pf	18.35484437559387	43.585308099355665	43.60366294373126
m_12	buk:uja	u	i1	m	101.51352705684502	43.60366294373126	43.7051764707881
m_12	buk:uja	k:	i1	cd	107.23941921387592	43.7051764707881	43.81241589000198
m_12	buk:uja	k:	i1	f	103.38647036048343	43.81241589000198	43.91580236036246
m_12	buk:uja	u)	i1	m	91.50589345840388	43.91580236036246	44.00730825382087
m_12	buk:uja	b	i2	cd	59.8924234752829	45.379651624976745	45.43954404845203
m_12	buk:uja	b	i2	f	7.837841081823171	45.43954404845203	45.44738188953385
m_12	buk:uja	u	i2	m	88.12740134366237	45.44738188953385	45.53550929087751
m_12	buk:uja	k:	i2	cd	83.28491712112651	45.53550929087751	45.61879420799864
m_12	buk:uja	k:	i2	f	116.52257074971573	45.61879420799864	45.735316778748356
m_12	buk:uja	u)	i2	m	93.76568176235622	45.735316778748356	45.82908246051071
m_12	buk:uja	b	i3	cd	88.08959983333864	47.262557415305125	47.35064701513846
m_12	buk:uja	b	i3	f	4.69443008515924	47.35064701513846	47.35534144522362
m_12	buk:uja	u	i3	m	91.50293768750828	47.35534144522362	47.44684438291113
m_12	buk:uja	k:	i3	cd	77.73996359868818	47.44684438291113	47.52458434650982
m_12	buk:uja	k:	i3	f	115.67774483766158	47.52458434650982	47.64026209134748
m_12	buk:uja	u)	i3	m	86.74990659567072	47.64026209134748	47.72701199794315
m_12	buk:uja	b	c	cd	65.49789312118293	49.51960251601808	49.585100409139265
m_12	buk:uja	b	c	f	7.805224831315627	49.585100409139265	49.59290563397058
m_12	buk:uja	u	c	m	75.16641162588655	49.59290563397058	49.66807204559647
m_12	buk:uja	k:	c	cd	59.24132441700891	49.66807204559647	49.727313370013476
m_12	buk:uja	k:	c	f	92.36550581147185	49.727313370013476	49.81967887582495
m_12	buk:uja	u)	c	m	81.53644650943193	49.81967887582495	49.90121532233438
m_12	wots:i	o	i1	m	130.61401626995206	53.88407094685407	54.01468496312402
m_12	wots:i	ts:	i1	cd	65.43272067911232	54.01468496312402	54.08011768380313
m_12	wots:i	ts:	i1	f	200.13850726003568	54.08011768380313	54.28025619106317
m_12	wots:i	i	i1	m	253.37727081626582	54.28025619106317	54.53363346187943
m_12	wots:i	o	i2	m	135.05906940598322	56.23602647595005	56.37108554535603
m_12	wots:i	ts:	i2	cd	74.81203654119639	56.37108554535603	56.44589758189723
m_12	wots:i	ts:	i2	f	196.1538201502151	56.44589758189723	56.64205140204744
m_12	wots:i	i	i2	m	262.7875856010604	56.64205140204744	56.9048389876485
m_12	wots:i	o	i3	m	126.76559384355812	58.39017700120687	58.51694259505043
m_12	wots:i	ts:	i3	cd	84.90611381254354	58.51694259505043	58.601848708862974
m_12	wots:i	ts:	i3	f	204.05272748801906	58.601848708862974	58.80590143635099
m_12	wots:i	i	i3	m	235.7308741075954	58.80590143635099	59.04163231045859
m_12	wots:i	o	c	m	105.96861256279055	60.926504558408254	61.032473170971045
m_12	wots:i	ts:	c	cd	57.30383311798448	61.032473170971045	61.08977700408903
m_12	wots:i	ts:	c	f	171.83248619318192	61.08977700408903	61.26160949028221
m_12	wots:i	i	c	m	233.17844140282062	61.26160949028221	61.49478793168503
m_12	ɡedu	g	i1	cd	56.237957372758274	64.0605947252632	64.11683268263596
m_12	ɡedu	g	i1	f	15.146299073109049	64.11683268263596	64.13197898170907
m_12	ɡedu	e	i1	m	173.93388842272373	64.13197898170907	64.30591287013179
m_12	ɡedu	d	i1	cd	90.76605438551155	64.30591287013179	64.3966789245173
m_12	ɡedu	d	i1	f	20.971798716615808	64.3966789245173	64.41765072323392
m_12	ɡedu	u	i1	m	274.7973948869884	64.41765072323392	64.69244811812091
m_12	ɡedu	g	i2	cd	63.266436974302565	65.79621838596006	65.85948482293436
m_12	ɡedu	g	i2	f	18.21809753609216	65.85948482293436	65.87770292047045
m_12	ɡedu	e	i2	m	155.7792571522043	65.87770292047045	66.03348217762266
m_12	ɡedu	d	i2	cd	91.06475816818715	66.03348217762266	66.12454693579085
m_12	ɡedu	d	i2	f	17.980721838355862	66.12454693579085	66.1425276576292
m_12	ɡedu	u	i2	m	281.00181386301415	66.1425276576292	66.42352947149222
m_12	ɡedu	g	i3	cd	83.09935008456648	67.44051051242894	67.52360986251351
m_12	ɡedu	g	i3	f	26.059282773616133	67.52360986251351	67.54966914528713
m_12	ɡedu	e	i3	m	158.83597918313797	67.54966914528713	67.70850512447026
m_12	ɡedu	d	i3	cd	94.86574106213652	67.70850512447026	67.8033708655324
m_12	ɡedu	d	i3	f	21.95242316099666	67.8033708655324	67.8253232886934
m_12	ɡedu	u	i3	m	295.30422119266575	67.8253232886934	68.12062750988606
m_12	ɡedu	g	c	cd	70.99862255749656	69.7866390345605	69.85763765711799
m_12	ɡedu	g	c	f	24.491432252276013	69.85763765711799	69.88212908937027
m_12	ɡedu	e	c	m	116.06809197816403	69.88212908937027	69.99819718134843
m_12	ɡedu	d	c	cd	69.19674652516505	69.99819718134843	70.0673939278736
m_12	ɡedu	d	c	f	34.62562932685387	70.0673939278736	70.10201955720045
m_12	ɡedu	u	c	m	209.39668557080893	70.10201955720045	70.31141624277126
m_12	ɡoʔi	g	i1	cd	138.01850597030807	74.04235666395671	74.18037516992702
m_12	ɡoʔi	g	i1	f	21.312235257454404	74.18037516992702	74.20168740518447
m_12	ɡoʔi	o	i1	m	185.17819610454467	74.20168740518447	74.38686560128902
m_12	ɡoʔi	g	i2	cd	111.09907953617437	75.93931723974096	76.05041631927713
m_12	ɡoʔi	g	i2	f	32.14997903785388	76.05041631927713	76.08256629831499
m_12	ɡoʔi	o	i2	m	207.13493421395412	76.08256629831499	76.28970123252894
m_12	ɡoʔi	g	i3	cd	112.79330914608465	78.07327970603845	78.18607301518453
m_12	ɡoʔi	g	i3	f	28.466383121141803	78.18607301518453	78.21453939830567
m_12	ɡoʔi	o	i3	m	177.02162664828336	78.21453939830567	78.39156102495396
m_12	ɡoʔi	g	c	cd	58.881010455664295	80.1365143514084	80.19539536186406
m_12	ɡoʔi	g	c	f	22.429458850680817	80.19539536186406	80.21782482071474
m_12	ɡoʔi	o	c	m	165.9311925906337	80.21782482071474	80.38375601330537
m_12	haq'u	a	i1	m	134.69930485047144	84.15626093581751	84.29096024066799
m_12	haq'u	q'	i1	cd	71.52808058388871	84.29096024066799	84.36248832125187
m_12	haq'u	q'	i1	f	94.01101887576147	84.36248832125187	84.45649934012764
m_12	haq'u	q'	i1	pf	62.92478656472156	84.45649934012764	84.51942412669236
m_12	haq'u	u	i1	cv	44.28029364287056	84.51942412669236	84.56370442033523
m_12	haq'u	u	i1	m	195.80662806529858	84.56370442033523	84.75951104840053
m_12	haq'u	a	i2	m	151.3035994436649	86.25640048481311	86.40770408425678
m_12	haq'u	q'	i2	cd	77.99920935053706	86.40770408425678	86.48570329360732
m_12	haq'u	q'	i2	f	82.63157036792279	86.48570329360732	86.56833486397524
m_12	haq'u	q'	i2	pf	60.960091171352815	86.56833486397524	86.62929495514659
m_12	haq'u	u	i2	cv	22.70710609992932	86.62929495514659	86.65200206124652
m_12	haq'u	u	i2	m	264.20405096128263	86.65200206124652	86.9162061122078
m_12	haq'u	a	i3	m	156.43555520129837	88.21238606674802	88.36882162194932
m_12	haq'u	q'	i3	cd	23.74354485674246	88.36882162194932	88.39256516680607
m_12	haq'u	q'	i3	f	126.94568537270357	88.39256516680607	88.51951085217877
m_12	haq'u	q'	i3	pf	23.273375651669426	88.51951085217877	88.54278422783044
m_12	haq'u	u	i3	cv	37.35292311802141	88.54278422783044	88.58013715094846
m_12	haq'u	u	i3	m	262.6463435026096	88.58013715094846	88.84278349445107
m_12	haq'u	a	c	m	128.12414818006346	90.27102826625004	90.3991524144301
m_12	haq'u	q'	c	cd	73.52357348300131	90.3991524144301	90.4726759879131
m_12	haq'u	q'	c	f	68.60424098546503	90.4726759879131	90.54128022889857
m_12	haq'u	q'	c	pf	23.30210953631706	90.54128022889857	90.56458233843489
m_12	haq'u	u	c	cv	34.87410389236345	90.56458233843489	90.59945644232725
m_12	haq'u	u	c	m	195.68247184051302	90.59945644232725	90.79513891416777
m_12	hats'a	a	i1	m	131.9142347681037	93.67788838162545	93.80980261639355
m_12	hats'a	ts'	i1	cd	41.78132415536595	93.80980261639355	93.85158394054892
m_12	hats'a	ts'	i1	f	77.05319757261009	93.85158394054892	93.92863713812153
m_12	hats'a	ts'	i1	pf	73.38962529539117	93.92863713812153	94.00202676341692
m_12	hats'a	a	i1	m	228.30981649129	94.00202676341692	94.23033657990821
m_12	hats'a	a	i2	m	124.82366578387882	95.53564281217432	95.6604664779582
m_12	hats'a	ts'	i2	cd	57.56049088195425	95.6604664779582	95.71802696884015
m_12	hats'a	ts'	i2	f	79.79306854130641	95.71802696884015	95.79782003738146
m_12	hats'a	ts'	i2	pf	74.5055528877856	95.79782003738146	95.87232559026924
m_12	hats'a	a	i2	m	240.2930908898071	95.87232559026924	96.11261868115905
m_12	hats'a	a	i3	m	122.30498004480239	97.28546168107884	97.40776666112365
m_12	hats'a	ts'	i3	cd	29.786454761719483	97.40776666112365	97.43755311588536
m_12	hats'a	ts'	i3	f	82.64592459327957	97.43755311588536	97.52019904047864
m_12	hats'a	ts'	i3	pf	58.89363638441125	97.52019904047864	97.57909267686306
m_12	hats'a	a	i3	cv	30.901329253282483	97.57909267686306	97.60999400611634
m_12	hats'a	a	i3	m	245.31248454651688	97.60999400611634	97.85530649066285
m_12	hats'a	a	c	m	100.39349663368569	99.41306247136463	99.51345596799831
m_12	hats'a	ts'	c	cd	41.4783041714486	99.51345596799831	99.55493427216976
m_12	hats'a	ts'	c	f	65.34425682549738	99.55493427216976	99.62027852899526
m_12	hats'a	ts'	c	pf	35.802630032762295	99.62027852899526	99.65608115902802
m_12	hats'a	a	c	cv	57.71008972959635	99.65608115902802	99.71379124875762
m_12	hats'a	a	c	m	167.91235207435307	99.71379124875762	99.88170360083197
m_12	hiq'u	i	i1	m	106.06741775892203	103.36979677827875	103.47586419603768
m_12	hiq'u	q'	i1	cd	43.411071218798725	103.47586419603768	103.51927526725648
m_12	hiq'u	q'	i1	f	95.57394656140161	103.51927526725648	103.61484921381788
m_12	hiq'u	q'	i1	pf	57.37530057916729	103.61484921381788	103.67222451439704
m_12	hiq'u	u	i1	m	249.28526115654392	103.67222451439704	103.92150977555359
m_12	hiq'u	i	i2	m	123.12092917105133	105.026805871147	105.14992680031806
m_12	hiq'u	q'	i2	cd	55.48944088154428	105.14992680031806	105.2054162411996
m_12	hiq'u	q'	i2	f	112.7214480666936	105.2054162411996	105.3181376892663
m_12	hiq'u	q'	i2	pf	65.87330735224839	105.3181376892663	105.38401099661854
m_12	hiq'u	u	i2	m	262.84741267025424	105.38401099661854	105.6468584092888
m_12	hiq'u	i	i3	m	121.23260455727802	106.66251691785808	106.78374952241536
m_12	hiq'u	q'	i3	cd	48.25538628139725	106.78374952241536	106.83200490869676
m_12	hiq'u	q'	i3	f	101.56852720412246	106.83200490869676	106.93357343590088
m_12	hiq'u	q'	i3	pf	69.18860261724546	106.93357343590088	107.00276203851813
m_12	hiq'u	u	i3	m	270.91864411447375	107.00276203851813	107.2736806826326
m_12	hiq'u	i	c	m	87.6399752978898	108.92858461335362	109.01622458865151
m_12	hiq'u	q'	c	cd	45.097437385365424	109.01622458865151	109.06132202603688
m_12	hiq'u	q'	c	f	86.6073563445866	109.06132202603688	109.14792938238146
m_12	hiq'u	q'	c	pf	57.47768974853784	109.14792938238146	109.20540707213
m_12	hiq'u	u	c	cv	44.56135497358105	109.20540707213	109.24996842710358
m_12	hiq'u	u	c	m	135.6215151369895	109.24996842710358	109.38558994224057
m_12	itɬoqχi	i	i1	m	112.87907267697506	113.49077533359392	113.60365440627089
m_12	itɬoqχi	tɬ	i1	cd	77.09853643220299	113.60365440627089	113.6807529427031
m_12	itɬoqχi	tɬ	i1	f	167.82775333861366	113.6807529427031	113.84858069604171
m_12	itɬoqχi	o	i1	m	98.51808005913654	113.84858069604171	113.94709877610084
m_12	itɬoqχi	qχ	i1	cd	127.86944301083736	113.94709877610084	114.07496821911168
m_12	itɬoqχi	qχ	i1	f	109.04544379360459	114.07496821911168	114.18401366290529
m_12	itɬoqχi	i	i1	m	232.42308379924737	114.18401366290529	114.41643674670453
m_12	itɬoqχi	i	i2	m	108.86321214549355	115.79109835501146	115.89996156715695
m_12	itɬoqχi	tɬ	i2	cd	80.81019537321765	115.89996156715695	115.98077176253017
m_12	itɬoqχi	tɬ	i2	f	116.00505625625601	115.98077176253017	116.09677681878642
m_12	itɬoqχi	o	i2	m	121.14620452857139	116.09677681878642	116.217923023315
m_12	itɬoqχi	qχ	i2	cd	112.37117067159375	116.217923023315	116.33029419398659
m_12	itɬoqχi	qχ	i2	f	96.9827619490502	116.33029419398659	116.42727695593564
m_12	itɬoqχi	i	i2	m	225.095207737823	116.42727695593564	116.65237216367346
m_12	itɬoqχi	i	i3	m	108.6194850287967	117.55118377168733	117.65980325671613
m_12	itɬoqχi	tɬ	i3	cd	86.49017246771962	117.65980325671613	117.74629342918385
m_12	itɬoqχi	tɬ	i3	f	97.9705159083295	117.74629342918385	117.84426394509218
m_12	itɬoqχi	o	i3	m	113.02168295418369	117.84426394509218	117.95728562804636
m_12	itɬoqχi	qχ	i3	cd	85.11106369113008	117.95728562804636	118.0423966917375
m_12	itɬoqχi	qχ	i3	f	102.70896177546263	118.0423966917375	118.14510565351296
m_12	itɬoqχi	i	i3	m	214.6369419272247	118.14510565351296	118.35974259544018
m_12	itɬoqχi	(i	c	m	64.41659465249927	119.71667775527321	119.78109434992571
m_12	itɬoqχi	tɬ	c	cd	79.6642618266361	119.78109434992571	119.86075861175235
m_12	itɬoqχi	tɬ	c	f	61.336506468293805	119.86075861175235	119.92209511822064
m_12	itɬoqχi	o	c	m	92.99887101535376	119.92209511822064	120.015093989236
m_12	itɬoqχi	qχ	c	cd	91.21340447087789	120.015093989236	120.10630739370687
m_12	itɬoqχi	qχ	c	f	88.4266259558899	120.10630739370687	120.19473401966276
m_12	itɬoqχi	i	c	m	208.90882415113765	120.19473401966276	120.4036428438139
m_12	itʃa	i	i1	m	121.87293959524936	123.10258438770728	123.22445732730253
m_12	itʃa	tʃ	i1	cd	24.502270296821393	123.22445732730253	123.24895959759935
m_12	itʃa	tʃ	i1	f	112.86744394523396	123.24895959759935	123.36182704154459
m_12	itʃa	a	i1	m	270.87388683578695	123.36182704154459	123.63270092838037
m_12	itʃa	i	i2	m	107.22514943540773	125.27507953402329	125.3823046834587
m_12	itʃa	tʃ	i2	cd	45.96567943652019	125.3823046834587	125.42827036289522
m_12	itʃa	tʃ	i2	f	102.72772630045779	125.42827036289522	125.53099808919568
m_12	itʃa	a	i2	m	278.60141481791345	125.53099808919568	125.80959950401359
m_12	itʃa	i	i3	m	129.67794388322318	127.28066595995737	127.4103439038406
m_12	itʃa	tʃ	i3	cd	23.233072917378195	127.4103439038406	127.43357697675798
m_12	itʃa	tʃ	i3	f	106.30062746889735	127.43357697675798	127.53987760422687
m_12	itʃa	a	i3	m	273.4175479220795	127.53987760422687	127.81329515214895
m_12	itʃa	(i	c	m	116.43671038592629	129.57583699747664	129.69227370786257
m_12	itʃa	tʃ	c	cd	26.944032155427067	129.69227370786257	129.719217740018
m_12	itʃa	tʃ	c	f	99.59669028879148	129.719217740018	129.8188144303068
m_12	itʃa	a	c	m	224.98208679144227	129.8188144303068	130.04379651709823
m_12	k'otil	k'	i1	f	30.912157103159643	133.73851110480877	133.76942326191192
m_12	k'otil	k'	i1	pf	84.92224572216855	133.76942326191192	133.8543455076341
m_12	k'otil	o	i1	cv	17.951069101826533	133.8543455076341	133.87229657673592
m_12	k'otil	o	i1	m	183.27928870141363	133.87229657673592	134.05557586543733
m_12	k'otil	t	i1	cd	98.78677074561892	134.05557586543733	134.15436263618295
m_12	k'otil	t	i1	f	55.2846507426068	134.15436263618295	134.20964728692556
m_12	k'otil	i	i1	m	187.06432821571184	134.20964728692556	134.39671161514127
m_12	k'otil	k'	i2	f	40.585384682600534	135.20456808684162	135.24515347152422
m_12	k'otil	k'	i2	pf	70.9635849434278	135.24515347152422	135.31611705646765
m_12	k'otil	o	i2	m	244.51530342446404	135.31611705646765	135.5606323598921
m_12	k'otil	t	i2	cd	81.05609825841498	135.5606323598921	135.64168845815053
m_12	k'otil	t	i2	f	63.53344649102155	135.64168845815053	135.70522190464155
m_12	k'otil	i	i2	m	186.98229085401863	135.70522190464155	135.89220419549557
m_12	k'otil	k'	i3	f	26.750675286933756	136.81026612424702	136.83701679953396
m_12	k'otil	k'	i3	pf	70.27719778770347	136.83701679953396	136.90729399732166
m_12	k'otil	o	i3	m	185.3229269745782	136.90729399732166	137.09261692429624
m_12	k'otil	t	i3	cd	73.6323672304593	137.09261692429624	137.1662492915267
m_12	k'otil	t	i3	f	77.98501948053627	137.1662492915267	137.24423431100723
m_12	k'otil	i	i3	m	200.9108016939365	137.24423431100723	137.44514511270117
m_12	k'otil	k'	c	f	31.565115951934786	138.82400204398664	138.85556715993857
m_12	k'otil	k'	c	pf	56.18561479943196	138.85556715993857	138.911752774738
m_12	k'otil	o	c	m	125.67773137533322	138.911752774738	139.03743050611334
m_12	k'otil	t	c	cd	52.15959090358524	139.03743050611334	139.08959009701692
m_12	k'otil	t	c	f	62.88476789521269	139.08959009701692	139.15247486491214
m_12	k'otil	i	c	m	163.03337894936476	139.15247486491214	139.3155082438615
m_12	kwatʃ'a	a	i1	m	115.88909821580273	142.4773397028016	142.5932288010174
m_12	kwatʃ'a	tʃ'	i1	cd	60.14812474703035	142.5932288010174	142.65337692576443
m_12	kwatʃ'a	tʃ'	i1	f	46.55625083518089	142.65337692576443	142.69993317659961
m_12	kwatʃ'a	tʃ'	i1	pf	46.221571520618454	142.69993317659961	142.74615474812023
m_12	kwatʃ'a	a	i1	cv	57.06468124171238	142.74615474812023	142.80321942936195
m_12	kwatʃ'a	a	i1	m	210.0144816064642	142.80321942936195	143.0132339109684
m_12	kwatʃ'a	a	i2	m	114.43042583974261	144.4202024094764	144.53463283531613
m_12	kwatʃ'a	tʃ'	i2	cd	51.307514898724094	144.53463283531613	144.58594035021486
m_12	kwatʃ'a	tʃ'	i2	f	48.358694302805816	144.58594035021486	144.63429904451766
m_12	kwatʃ'a	tʃ'	i2	pf	38.69007136944447	144.63429904451766	144.6729891158871
m_12	kwatʃ'a	a	i2	cv	49.32396883427259	144.6729891158871	144.72231308472138
m_12	kwatʃ'a	a	i2	m	235.9867068744279	144.72231308472138	144.9582997915958
m_12	kwatʃ'a	a	i3	m	106.58219536389879	146.29921864728442	146.40580084264832
m_12	kwatʃ'a	tʃ'	i3	cd	55.132249096573105	146.40580084264832	146.4609330917449
m_12	kwatʃ'a	tʃ'	i3	f	48.15994300005855	146.4609330917449	146.50909303474495
m_12	kwatʃ'a	tʃ'	i3	pf	33.08050596558587	146.50909303474495	146.54217354071054
m_12	kwatʃ'a	a	i3	cv	41.87955113528119	146.54217354071054	146.58405309184582
m_12	kwatʃ'a	a	i3	m	236.36892638160134	146.58405309184582	146.82042201822742
m_12	kwatʃ'a	a	c	m	102.97610211750907	148.43243881316224	148.53541491527974
m_12	kwatʃ'a	tʃ'	c	cd	42.12658722988749	148.53541491527974	148.57754150250963
m_12	kwatʃ'a	tʃ'	c	f	40.72236765554749	148.57754150250963	148.61826387016518
m_12	kwatʃ'a	tʃ'	c	pf	17.318708083394085	148.61826387016518	148.63558257824857
m_12	kwatʃ'a	a	c	cv	39.351421463550196	148.63558257824857	148.67493399971212
m_12	kwatʃ'a	a	c	m	190.63997944400057	148.67493399971212	148.86557397915612
m_12	kitsi	k	i1	f	68.42253563382883	151.6703600366926	151.73878257232644
m_12	kitsi	i	i1	m	94.1656678525078	151.73878257232644	151.83294824017895
m_12	kitsi	ts	i1	cd	61.84155915875067	151.83294824017895	151.8947897993377
m_12	kitsi	ts	i1	f	100.94017633110752	151.8947897993377	151.9957299756688
m_12	kitsi	i	i1	m	238.5909636542749	151.9957299756688	152.23432093932308
m_12	kitsi	k	i2	f	73.30905557225265	153.73175507896406	153.8050641345363
m_12	kitsi	i	i2	m	103.71098837936188	153.8050641345363	153.90877512291567
m_12	kitsi	ts	i2	cd	69.35364733143956	153.90877512291567	153.9781287702471
m_12	kitsi	ts	i2	f	101.9410829372589	153.9781287702471	154.08006985318437
m_12	kitsi	i	i2	m	278.18595358431253	154.08006985318437	154.35825580676868
m_12	kitsi	k	i3	f	70.02015527459093	155.41974559901476	155.48976575428935
m_12	kitsi	i	i3	m	99.68693622761293	155.48976575428935	155.58945269051696
m_12	kitsi	ts	i3	cd	69.24508861635559	155.58945269051696	155.65869777913332
m_12	kitsi	ts	i3	f	100.92114647284234	155.65869777913332	155.75961892560616
m_12	kitsi	i	i3	m	278.10750361592795	155.75961892560616	156.0377264292221
m_12	kitsi	k	c	f	58.59000708389317	157.34704288717677	157.40563289426066
m_12	kitsi	i	c	m	66.25177724097853	157.40563289426066	157.47188467150164
m_12	kitsi	ts	c	cd	59.834798843439785	157.47188467150164	157.53171947034508
m_12	kitsi	ts	c	f	101.0623744561201	157.53171947034508	157.6327818448012
m_12	kitsi	i	c	m	182.31963089115766	157.6327818448012	157.81510147569236
m_12	kots'i	k	i1	f	67.15316196536492	161.64830776308426	161.71546092504963
m_12	kots'i	o	i1	m	90.58916479889945	161.71546092504963	161.80605008984853
m_12	kots'i	ts'	i1	cd	25.603922806396895	161.80605008984853	161.83165401265492
m_12	kots'i	ts'	i1	f	78.42047101996741	161.83165401265492	161.9100744836749
m_12	kots'i	ts'	i1	pf	35.154004250301796	161.9100744836749	161.9452284879252
m_12	kots'i	i	i1	cv	30.44689263458622	161.9452284879252	161.97567538055978
m_12	kots'i	i	i1	m	221.63918290391393	161.97567538055978	162.1973145634637
m_12	kots'i	k	i2	f	70.30800850066043	163.56448362445568	163.63479163295634
m_12	kots'i	o	i2	m	91.94124188545061	163.63479163295634	163.7267328748418
m_12	kots'i	ts'	i2	cd	28.393618817574406	163.7267328748418	163.75512649365936
m_12	kots'i	ts'	i2	f	68.31278808823527	163.75512649365936	163.8234392817476
m_12	kots'i	ts'	i2	pf	51.82962165110894	163.8234392817476	163.8752689033987
m_12	kots'i	i	i2	m	279.3440384747612	163.8752689033987	164.15461294187347
m_12	kots'i	k	i3	f	64.89970015445579	165.16532491027263	165.2302246104271
m_12	kots'i	o	i3	m	112.02991496551817	165.2302246104271	165.3422545253926
m_12	kots'i	ts'	i3	cd	36.956773699074574	165.3422545253926	165.37921129909168
m_12	kots'i	ts'	i3	f	64.44900779226259	165.37921129909168	165.44366030688394
m_12	kots'i	ts'	i3	pf	49.12546747800661	165.44366030688394	165.49278577436195
m_12	kots'i	i	i3	m	267.5981691141658	165.49278577436195	165.7603839434761
m_12	kots'i	k	c	f	65.80108487878533	167.56960235046023	167.63540343533901
m_12	kots'i	o	c	m	110.8703210971953	167.63540343533901	167.7462737564362
m_12	kots'i	ts'	c	cd	24.93899967041102	167.7462737564362	167.77121275610662
m_12	kots'i	ts'	c	f	67.1531619653365	167.77121275610662	167.83836591807196
m_12	kots'i	ts'	c	pf	45.51992858054632	167.83836591807196	167.8838858466525
m_12	kots'i	i	c	m	217.16936295001688	167.8838858466525	168.10105520960252
m_12	tɬurtɬa	tɬ	i1	f	100.4647833700858	171.01027892082217	171.11074370419226
m_12	tɬurtɬa	u	i1	m	80.7837522947068	171.11074370419226	171.19152745648697
m_12	tɬurtɬa	tɬ	i2	f	90.31332877862042	173.02564307104996	173.11595639982858
m_12	tɬurtɬa	u	i2	m	72.16272066756346	173.11595639982858	173.18811912049614
m_12	tɬurtɬa	tɬ	i3	f	92.76787701847411	174.98326299010833	175.0760308671268
m_12	tɬurtɬa	u	i3	m	86.84618977454761	175.0760308671268	175.16287705690135
m_12	tɬurtɬa	tɬ	c	f	67.29760347937486	177.19315816850008	177.26045577197945
m_12	tɬurtɬa	u	c	m	58.529683401729926	177.26045577197945	177.31898545538118
m_12	mits':a	i	i1	m	82.60189846842536	180.17386471658682	180.25646661505525
m_12	mits':a	ts':	i1	cd	56.7292831360362	180.25646661505525	180.31319589819128
m_12	mits':a	ts':	i1	f	156.56039698330915	180.31319589819128	180.4697562951746
m_12	mits':a	a	i1	m	297.05537917919855	180.4697562951746	180.7668116743538
m_12	mits':a	i	i2	m	79.62320626697306	181.9469510984368	182.0265743047038
m_12	mits':a	ts':	i2	cd	55.081161859305894	182.0265743047038	182.0816554665631
m_12	mits':a	ts':	i2	f	165.90728635543428	182.0816554665631	182.24756275291853
m_12	mits':a	a	i2	m	291.20197944570236	182.24756275291853	182.53876473236423
m_12	mits':a	i	i3	m	94.93670131354293	183.75079245273	183.84572915404354
m_12	mits':a	ts':	i3	cd	50.56257864001168	183.84572915404354	183.89629173268355
m_12	mits':a	ts':	i3	f	149.79569906202528	183.89629173268355	184.04608743174558
m_12	mits':a	a	i3	m	315.9248607782388	184.04608743174558	184.36201229252381
m_12	mits':a	i	c	m	73.37308157127609	186.08963166707449	186.16300474864576
m_12	mits':a	ts':	c	cd	39.390949525994756	186.16300474864576	186.20239569817176
m_12	mits':a	ts':	c	f	138.19994854461015	186.20239569817176	186.34059564671637
m_12	mits':a	a	c	m	207.99126351391806	186.34059564671637	186.54858691023028
m_12	motʃ'i	o	i1	m	162.16853060657854	189.9574489816796	190.11961751228617
m_12	motʃ'i	tʃ'	i1	cd	44.82018877448013	190.11961751228617	190.16443770106065
m_12	motʃ'i	tʃ'	i1	f	63.091503261944126	190.16443770106065	190.2275292043226
m_12	motʃ'i	tʃ'	i1	pf	50.96415059551873	190.2275292043226	190.2784933549181
m_12	motʃ'i	i	i1	m	278.5373032897098	190.2784933549181	190.55703065820782
m_12	motʃ'i	o	i2	m	146.27881867397718	191.93507419756295	192.08135301623693
m_12	motʃ'i	tʃ'	i2	cd	46.42434338862245	192.08135301623693	192.12777735962555
m_12	motʃ'i	tʃ'	i2	f	62.62415879331229	192.12777735962555	192.19040151841887
m_12	motʃ'i	tʃ'	i2	pf	57.950714107278145	192.19040151841887	192.24835223252614
m_12	motʃ'i	i	i2	m	272.5082007014237	192.24835223252614	192.52086043322757
m_12	motʃ'i	o	i3	m	155.20413008840706	193.88753390770933	194.04273803779773
m_12	motʃ'i	tʃ'	i3	cd	47.248166832872585	194.04273803779773	194.0899862046306
m_12	motʃ'i	tʃ'	i3	f	62.62415879331229	194.0899862046306	194.15261036342392
m_12	motʃ'i	tʃ'	i3	pf	49.071169203728005	194.15261036342392	194.20168153262765
m_12	motʃ'i	i	i3	m	271.684550943462	194.20168153262765	194.4733660835711
m_12	motʃ'i	o	c	m	127.04935419205299	196.48011767235647	196.60716702654852
m_12	motʃ'i	tʃ'	c	cd	34.94633821770776	196.60716702654852	196.64211336476623
m_12	motʃ'i	tʃ'	c	f	60.977794236976024	196.64211336476623	196.7030911590032
m_12	motʃ'i	tʃ'	c	pf	36.25385427346828	196.7030911590032	196.73934501327668
m_12	motʃ'i	i	c	cv	13.130397269804917	196.73934501327668	196.75247541054648
m_12	motʃ'i	i	c	m	239.69287927707228	196.75247541054648	196.99216828982355
m_12	motʃi	o	i1	m	125.99700173726092	200.8423667047862	200.96836370652346
m_12	motʃi	tʃ	i1	cd	41.52473362717046	200.96836370652346	201.00988844015063
m_12	motʃi	tʃ	i1	f	115.06141290723804	201.00988844015063	201.12494985305787
m_12	motʃi	i	i1	m	221.3730290397109	201.12494985305787	201.34632288209758
m_12	motʃi	o	i2	m	126.99356417141416	202.81379310605888	202.9407866702303
m_12	motʃi	tʃ	i2	cd	45.980428406892315	202.9407866702303	202.9867670986372
m_12	motʃi	tʃ	i2	f	120.42493154186218	202.9867670986372	203.10719203017905
m_12	motʃi	i	i2	m	251.64448185265087	203.10719203017905	203.3588365120317
m_12	motʃi	o	i3	m	132.24847027504438	204.35093870459394	204.483187174869
m_12	motʃi	tʃ	i3	cd	41.869097233814045	204.483187174869	204.5250562721028
m_12	motʃi	tʃ	i3	f	142.46706038591128	204.5250562721028	204.6675233324887
m_12	motʃi	i	i3	m	221.23000376410573	204.6675233324887	204.88875333625282
m_12	motʃi	o	c	m	116.74384114957093	206.4566394926207	206.57338333377027
m_12	motʃi	tʃ	c	cd	43.79718668903365	206.57338333377027	206.6171805204593
m_12	motʃi	tʃ	c	f	121.09700132802459	206.6171805204593	206.73827752178732
m_12	motʃi	i	c	m	227.0714332233581	206.73827752178732	206.96534895501068
m_12	nots':i	o	i1	m	119.52288873285966	210.4053717018669	210.52489459059976
m_12	nots':i	ts':	i1	cd	77.80544208932838	210.52489459059976	210.60270003268909
m_12	nots':i	ts':	i1	f	156.7901077405338	210.60270003268909	210.75949014042962
m_12	nots':i	i	i1	m	240.04158635213457	210.75949014042962	210.99953172678175
m_12	nots':i	o	i2	m	129.8953933274447	212.3405450361958	212.47044042952325
m_12	nots':i	ts':	i2	cd	79.02964145867486	212.47044042952325	212.54947007098193
m_12	nots':i	ts':	i2	f	138.00848634417662	212.54947007098193	212.6874785573261
m_12	nots':i	i	i2	m	274.91496188361	212.6874785573261	212.9623935192097
m_12	nots':i	o	i3	m	123.12133252888202	214.12423447411646	214.24735580664534
m_12	nots':i	ts':	i3	cd	64.54457562773541	214.24735580664534	214.31190038227308
m_12	nots':i	ts':	i3	f	152.38348644692223	214.31190038227308	214.46428386872
m_12	nots':i	i	i3	m	306.82617788937705	214.46428386872	214.77111004660938
m_12	nots':i	o	c	m	111.477690120239	216.23787346499103	216.34935115511126
m_12	nots':i	ts':	c	cd	44.59107604810697	216.34935115511126	216.39394223115937
m_12	nots':i	ts':	c	f	141.9873737321211	216.39394223115937	216.5359296048915
m_12	nots':i	i	c	m	225.88900366471876	216.5359296048915	216.7618186085562
m_12	obi	o	i1	m	154.7572236348742	220.92587906088605	221.08063628452092
m_12	obi	b	i1	cd	103.74215236831219	221.08063628452092	221.18437843688923
m_12	obi	b	i1	f	2.934626381545513	221.18437843688923	221.18731306327078
m_12	obi	i	i1	m	247.8283701444468	221.18731306327078	221.43514143341523
m_12	obi	o	i2	m	161.51233230050366	222.70948143726753	222.87099376956803
m_12	obi	b	i2	cd	99.692094764805	222.87099376956803	222.97068586433284
m_12	obi	b	i2	f	16.151233230033313	222.97068586433284	222.98683709756287
m_12	obi	i	i2	m	249.50870645042755	222.98683709756287	223.2363458040133
m_12	obi	o	i3	m	166.52478399259962	224.112067974599	224.2785927585916
m_12	obi	b	i3	cd	95.02021757549528	224.2785927585916	224.3736129761671
m_12	obi	b	i3	f	4.221908963245369	224.3736129761671	224.37783488513034
m_12	obi	i	i3	m	274.0140258339636	224.37783488513034	224.6518489109643
m_12	obi	o	c	m	161.52794018378813	226.0612606008447	226.22278854102848
m_12	obi	b	c	cd	82.54291216437082	226.22278854102848	226.30533145319285
m_12	obi	b	c	f	14.231536580069815	226.30533145319285	226.31956298977292
m_12	obi	i	c	m	246.9171596641786	226.31956298977292	226.5664801494371
m_12	ortʃoɡi	o	i1	m	121.98806614489399	230.14517272943513	230.26716079558003
m_12	ortʃoɡi	g	i1	cd	73.47313873938788	230.26716079558003	230.3406339343194
m_12	ortʃoɡi	g	i1	f	17.48821700772396	230.3406339343194	230.35812215132714
m_12	ortʃoɡi	i	i1	m	256.99982837295465	230.35812215132714	230.6151219797001
m_12	ortʃoɡi	o	i2	m	129.2198859682685	232.20741372132068	232.33663360728895
m_12	ortʃoɡi	g	i2	cd	69.39568509960736	232.33663360728895	232.40602929238855
m_12	ortʃoɡi	g	i2	f	23.75896447685477	232.40602929238855	232.4297882568654
m_12	ortʃoɡi	i	i2	m	227.92285838593784	232.4297882568654	232.65771111525135
m_12	ortʃoɡi	o	i3	m	131.18517526740447	234.0008802232935	234.1320653985609
m_12	ortʃoɡi	g	i3	cd	57.95011528056193	234.1320653985609	234.19001551384147
m_12	ortʃoɡi	g	i3	f	22.02615288439347	234.19001551384147	234.21204166672587
m_12	ortʃoɡi	i	i3	m	259.60206363495786	234.21204166672587	234.47164373036082
m_12	ortʃoɡi	o	c	m	109.63062772094645	236.40334189264166	236.5129725203626
m_12	ortʃoɡi	g	c	cd	42.610649549914115	236.5129725203626	236.55558316991252
m_12	ortʃoɡi	g	c	f	24.161211802095295	236.55558316991252	236.57974438171462
m_12	ortʃoɡi	i	c	m	190.34299707939795	236.57974438171462	236.77008737879402
m_12	rek':u	e	i1	m	126.72439776369515	240.2711395228282	240.3978639205919
m_12	rek':u	k':	i1	cd	61.32266085310789	240.3978639205919	240.459186581445
m_12	rek':u	k':	i1	f	144.05565943613396	240.459186581445	240.60324224088114
m_12	rek':u	k':	i1	pf	20.127917388862215	240.60324224088114	240.62337015827
m_12	rek':u	u	i1	m	265.77548167406917	240.62337015827	240.88914563994408
m_12	rek':u	e	i2	m	125.32098145547366	241.84749495701365	241.97281593846913
m_12	rek':u	k':	i2	cd	73.41404570337318	241.97281593846913	242.0462299841725
m_12	rek':u	k':	i2	f	138.74010332079934	242.0462299841725	242.1849700874933
m_12	rek':u	k':	i2	pf	9.643370410174157	242.1849700874933	242.19461345790347
m_12	rek':u	u	i2	m	251.56507003916317	242.19461345790347	242.44617852794264
m_12	rek':u	e	i3	m	128.785656445757	243.3448063512631	243.47359200770885
m_12	rek':u	k':	i3	cd	78.17003223084384	243.47359200770885	243.5517620399397
m_12	rek':u	k':	i3	f	111.98364140730632	243.5517620399397	243.663745681347
m_12	rek':u	k':	i3	pf	8.313110932846257	243.663745681347	243.67205879227984
m_12	rek':u	u	i3	m	268.3259301681744	243.67205879227984	243.94038472244802
m_12	rek':u	e	c	m	108.59484002062914	245.3430609339376	245.45165577395824
m_12	rek':u	k':	c	cd	44.33507793171998	245.45165577395824	245.49599085188996
m_12	rek':u	k':	c	f	108.11537055877807	245.49599085188996	245.60410622244873
m_12	rek':u	k':	c	pf	19.839441926848167	245.60410622244873	245.62394566437558
m_12	rek':u	u	c	m	238.96142534937326	245.62394566437558	245.86290708972496
m_12	rek'ul	e	i1	m	97.25949628227681	249.0507959360365	249.14805543231878
m_12	rek'ul	k'	i1	cd	50.8013051868943	249.14805543231878	249.19885673750568
m_12	rek'ul	k'	i1	f	24.9882852834844	249.19885673750568	249.22384502278916
m_12	rek'ul	k'	i1	pf	50.34753003496917	249.22384502278916	249.27419255282413
m_12	rek'ul	u	i1	m	158.3788518695144	249.27419255282413	249.43257140469365
m_12	rek'ul	e	i2	m	113.66986690518388	250.91085900659505	251.02452887350023
m_12	rek'ul	k'	i2	cd	43.272507632735824	251.02452887350023	251.06780138113297
m_12	rek'ul	k'	i2	f	17.975622446556372	251.06780138113297	251.08577700357952
m_12	rek'ul	k'	i2	pf	56.469730651372174	251.08577700357952	251.1422467342309
m_12	rek'ul	u	i2	m	194.8707829662908	251.1422467342309	251.33711751719719
m_12	rek'ul	e	i3	m	113.15379380883428	252.4462205782952	252.55937437210403
m_12	rek'ul	k'	i3	cd	54.836864263108964	252.55937437210403	252.61421123636714
m_12	rek'ul	k'	i3	f	21.5391835330081	252.61421123636714	252.63575041990015
m_12	rek'ul	k'	i3	pf	66.7703178656609	252.63575041990015	252.7025207377658
m_12	rek'ul	u	i3	m	192.22511960293787	252.7025207377658	252.89474585736875
m_12	rek'ul	e	c	m	108.01031427970997	254.59301539440753	254.70102570868724
m_12	rek'ul	k'	c	cd	41.34779432493474	254.70102570868724	254.74237350301217
m_12	rek'ul	k'	c	f	27.76831365534349	254.74237350301217	254.77014181666752
m_12	rek'ul	k'	c	pf	58.27422153967632	254.77014181666752	254.8284160382072
m_12	rek'ul	u	c	m	146.2829631352065	254.8284160382072	254.9746990013424
m_12	rekun	e	i1	m	98.44245882828773	258.182479062498	258.28092152132626
m_12	rekun	k	i1	cd	78.77956656392371	258.28092152132626	258.3597010878902
m_12	rekun	k	i1	f	69.14272708701219	258.3597010878902	258.4288438149772
m_12	rekun	u	i1	m	154.23995303439142	258.4288438149772	258.5830837680116
m_12	rekun	e	i2	m	110.91608386846019	259.66910225698086	259.7800183408493
m_12	rekun	k	i2	cd	62.836716518120284	259.7800183408493	259.84285505736744
m_12	rekun	k	i2	f	71.87816186393547	259.84285505736744	259.9147332192314
m_12	rekun	u	i2	m	151.8183382783036	259.9147332192314	260.0665515575097
m_12	rekun	e	i3	m	113.91303478302461	261.3162856943502	261.4301987291332
m_12	rekun	k	i3	cd	57.68765162008549	261.4301987291332	261.4878863807533
m_12	rekun	k	i3	f	73.67338640636945	261.4878863807533	261.5615597671597
m_12	rekun	u	i3	m	160.5523798100421	261.5615597671597	261.7221121469697
m_12	rekun	e	c	m	88.62965417915802	263.17005258005156	263.2586822342307
m_12	rekun	k	c	cd	68.15099513039513	263.2586822342307	263.3268332293611
m_12	rekun	k	c	f	62.02728252446832	263.3268332293611	263.3888605118856
m_12	rekun	u	c	m	158.95532244638844	263.3888605118856	263.54781583433197
m_12	req'u	e	i1	m	122.83996953738097	267.237328642628	267.36016861216535
m_12	req'u	q'	i1	cd	57.63685746427427	267.36016861216535	267.4178054696296
m_12	req'u	q'	i1	f	72.2745960880502	267.4178054696296	267.4900800657177
m_12	req'u	q'	i1	pf	56.60935993574867	267.4900800657177	267.5466894256534
m_12	req'u	u	i1	m	259.02513454775544	267.5466894256534	267.8057145602012
m_12	req'u	e	i2	m	123.15436916867384	269.2445152209904	269.3676695901591
m_12	req'u	q'	i2	cd	46.55770896732747	269.3676695901591	269.4142272991264
m_12	req'u	q'	i2	f	100.41294762834241	269.4142272991264	269.51464024675477
m_12	req'u	q'	i2	pf	31.14554590217722	269.51464024675477	269.54578579265694
m_12	req'u	u	i2	m	274.9739524509778	269.54578579265694	269.8207597451079
m_12	req'u	e	i3	m	127.10504247093013	270.8718676886846	270.9989727311555
m_12	req'u	q'	i3	cd	70.6004715805193	270.9989727311555	271.069573202736
m_12	req'u	q'	i3	f	68.19036124329614	271.069573202736	271.1377635639793
m_12	req'u	q'	i3	pf	36.845225863316955	271.1377635639793	271.17460878984264
m_12	req'u	u	i3	m	268.84642316582585	271.17460878984264	271.44345521300846
m_12	req'u	e	c	m	105.56917260748833	272.75909400573465	272.86466317834214
m_12	req'u	q'	c	cd	37.90981798772464	272.86466317834214	272.90257299632987
m_12	req'u	q'	c	f	86.97767325861605	272.90257299632987	272.9895506695885
m_12	req'u	q'	c	pf	38.21663951481469	272.9895506695885	273.0277673091033
m_12	req'u	u	c	m	220.1863485374247	273.0277673091033	273.2479536576407
m_12	retʃ':o	e	i1	m	92.37541025828477	276.04801436324766	276.14038977350594
m_12	retʃ':o	tʃ':	i1	cd	78.05577270204367	276.14038977350594	276.218445546208
m_12	retʃ':o	tʃ':	i1	f	149.74062141089917	276.218445546208	276.3681861676189
m_12	retʃ':o	o	i1	m	266.1102397083823	276.3681861676189	276.63429640732727
m_12	retʃ':o	e	i2	m	109.91152403232718	278.1779563790081	278.2878679030404
m_12	retʃ':o	tʃ':	i2	cd	65.88030271842626	278.2878679030404	278.35374820575885
m_12	retʃ':o	tʃ':	i2	f	142.30242490805267	278.35374820575885	278.4960506306669
m_12	retʃ':o	o	i2	m	306.1819006106248	278.4960506306669	278.8022325312775
m_12	retʃ':o	e	i3	m	108.93417568161112	279.96141146132413	280.07034563700574
m_12	retʃ':o	tʃ':	i3	cd	71.07830062545872	280.07034563700574	280.1414239376312
m_12	retʃ':o	tʃ':	i3	f	148.92662548589897	280.1414239376312	280.2903505631171
m_12	retʃ':o	o	i3	m	290.88653343035276	280.2903505631171	280.58123709654745
m_12	retʃ':o	e	c	m	95.70600463206347	282.3691104864356	282.46481649106767
m_12	retʃ':o	tʃ':	c	cd	61.05900961711086	282.46481649106767	282.5258755006848
m_12	retʃ':o	tʃ':	c	f	115.85224096194224	282.5258755006848	282.6417277416467
m_12	retʃ':o	o	c	m	215.31271196573698	282.6417277416467	282.85704045361246
m_12	ribu	i	i1	m	145.50615779279497	286.5168593008903	286.6623654586831
m_12	ribu	b	i1	cd	86.62995158510967	286.6623654586831	286.7489954102682
m_12	ribu	b	i1	f	11.074996538411597	286.7489954102682	286.7600704068066
m_12	ribu	u	i1	m	288.78869943321206	286.7600704068066	287.04885910623983
m_12	ribu	(i	i2	m	124.9455050611914	288.1978130005427	288.3227585056039
m_12	ribu	b	i2	cd	83.7174580339024	288.3227585056039	288.4064759636378
m_12	ribu	b	i2	f	18.672258996332403	288.4064759636378	288.4251482226341
m_12	ribu	u	i2	m	297.3386702722678	288.4251482226341	288.7224868929064
m_12	ribu	i	i3	m	124.06060608464031	289.71844602300325	289.8425066290879
m_12	ribu	b	i3	cd	102.30773657849568	289.8425066290879	289.9448143656664
m_12	ribu	b	i3	f	12.958314908644297	289.9448143656664	289.95777268057503
m_12	ribu	u	i3	m	289.4014399471416	289.95777268057503	290.2471741205222
m_12	ribu	i	c	m	116.44155322068173	291.8074982958444	291.9239398490651
m_12	ribu	b	c	cd	98.17054777829526	291.9239398490651	292.0221103968434
m_12	ribu	b	c	f	11.202668345958955	292.0221103968434	292.03331306518936
m_12	ribu	u	c	m	204.91085410617416	292.03331306518936	292.23822391929554
m_12	rotɬ'i	(o	i1	m	86.10197689682764	295.2142952514021	295.30039722829895
m_12	rotɬ'i	tɬ'	i1	cd	51.01732378204815	295.30039722829895	295.351414552081
m_12	rotɬ'i	tɬ'	i1	f	68.40537484828246	295.351414552081	295.4198199269293
m_12	rotɬ'i	tɬ'	i1	pf	76.69693543596168	295.4198199269293	295.49651686236524
m_12	rotɬ'i	i	i1	cv	16.79153907696218	295.49651686236524	295.5133084014422
m_12	rotɬ'i	i	i1	m	217.1503649175861	295.5133084014422	295.7304587663598
m_12	rotɬ'i	(o	i2	m	119.53294466582065	297.2857726861483	297.4053056308141
m_12	rotɬ'i	tɬ'	i2	cd	52.245798898468365	297.4053056308141	297.45755142971257
m_12	rotɬ'i	tɬ'	i2	f	62.56616476241561	297.45755142971257	297.520117594475
m_12	rotɬ'i	tɬ'	i2	pf	88.33559134745883	297.520117594475	297.60845318582244
m_12	rotɬ'i	i	i2	cv	11.359766729356124	297.60845318582244	297.6198129525518
m_12	rotɬ'i	i	i2	m	229.2395863290153	297.6198129525518	297.8490525388808
m_12	rotɬ'i	(o	i3	m	114.2235616479752	299.13169737815355	299.2459209398015
m_12	rotɬ'i	tɬ'	i3	cd	50.381777672441785	299.2459209398015	299.29630271747396
m_12	rotɬ'i	tɬ'	i3	f	72.78585070741883	299.29630271747396	299.3690885681814
m_12	rotɬ'i	tɬ'	i3	pf	76.6166849551837	299.3690885681814	299.44570525313657
m_12	rotɬ'i	i	i3	cv	14.411712647415698	299.44570525313657	299.460116965784
m_12	rotɬ'i	i	i3	m	227.81279919735198	299.460116965784	299.68792976498133
m_12	rotɬ'i	o	c	m	96.65489486650358	301.49881093077903	301.59546582564553
m_12	rotɬ'i	tɬ'	c	cd	46.321289401703325	301.59546582564553	301.64178711504724
m_12	rotɬ'i	tɬ'	c	f	68.3656573446001	301.64178711504724	301.71015277239184
m_12	rotɬ'i	tɬ'	c	pf	73.3752098224727	301.71015277239184	301.7835279822143
m_12	rotɬ'i	i	c	cv	22.69154475459345	301.7835279822143	301.8062195269689
m_12	rotɬ'i	i	c	m	204.94258353136274	301.8062195269689	302.01116211050027
m_12	sẽjotɬi	o	i1	m	83.0996352206057	309.1342045689178	309.21730420413843
m_12	sẽjotɬi	tɬ	i1	cd	113.66834977116014	309.21730420413843	309.3309725539096
m_12	sẽjotɬi	tɬ	i1	f	92.38435245794108	309.3309725539096	309.42335690636753
m_12	sẽjotɬi	i	i1	m	241.04787805129035	309.42335690636753	309.6644047844188
m_12	sẽjotɬi	o	i2	m	78.56488428279818	310.85471309347486	310.93327797775765
m_12	sẽjotɬi	tɬ	i2	cd	96.50823226917282	310.93327797775765	311.0297862100268
m_12	sẽjotɬi	tɬ	i2	f	99.44601621003812	311.0297862100268	311.12923222623687
m_12	sẽjotɬi	i	i2	m	213.3977663785913	311.12923222623687	311.34262999261546
m_12	sẽjotɬi	o	i3	m	87.42958352826236	312.38428032548643	312.4717099090147
m_12	sẽjotɬi	tɬ	i3	cd	107.60319703922505	312.4717099090147	312.5793131060539
m_12	sẽjotɬi	tɬ	i3	f	74.98106450310615	312.5793131060539	312.654294170557
m_12	sẽjotɬi	i	i3	m	243.55715708105663	312.654294170557	312.8978513276381
m_12	sẽjotɬi	(o	c	m	68.62621016949788	314.28494529720865	314.35357150737815
m_12	sẽjotɬi	tɬ	c	cd	76.3265344331785	314.35357150737815	314.4298980418113
m_12	sẽjotɬi	tɬ	c	f	94.86971797150545	314.4298980418113	314.52476775978283
m_12	sẽjotɬi	i	c	m	204.46771190501067	314.52476775978283	314.72923547168784
m_12	sit'a	i	i1	m	68.40166431680927	317.5654198856144	317.6338215499312
m_12	sit'a	t'	i1	cd	42.860303669840505	317.6338215499312	317.67668185360105
m_12	sit'a	t'	i1	f	29.728589473222655	317.67668185360105	317.7064104430743
m_12	sit'a	t'	i1	pf	47.00646962464816	317.7064104430743	317.7534169126989
m_12	sit'a	a	i1	cv	42.39789136465788	317.7534169126989	317.7958148040636
m_12	sit'a	a	i1	m	213.1404017433738	317.7958148040636	318.00895520580696
m_12	sit'a	i	i2	m	60.10954762302845	319.2158230703199	319.27593261794294
m_12	sit'a	t'	i2	cd	41.16217447995041	319.27593261794294	319.3170947924229
m_12	sit'a	t'	i2	f	36.64060767772526	319.3170947924229	319.3537354001006
m_12	sit'a	t'	i2	pf	58.572977955861916	319.3537354001006	319.4123083780565
m_12	sit'a	a	i2	cv	27.659503872314417	319.4123083780565	319.4399678819288
m_12	sit'a	a	i2	m	225.6368672691451	319.4399678819288	319.66560474919794
m_12	sit'a	i	i3	m	64.12362609017919	320.8674228014074	320.93154642749755
m_12	sit'a	t	i3	cd	38.12139629417288	320.93154642749755	320.9696678237917
m_12	sit'a	t	i3	f	37.87858485287643	320.9696678237917	321.0075464086446
m_12	sit'a	t	i3	pf	54.55262643926062	321.0075464086446	321.06209903508386
m_12	sit'a	a	i3	cv	22.490388236576564	321.06209903508386	321.08458942332044
m_12	sit'a	a	i3	m	223.48068531493936	321.08458942332044	321.3080701086354
m_12	sit'a	i	c	m	61.2556956036201	322.89857624709936	322.959831942703
m_12	sit'a	t'	c	cd	41.61612896729139	322.959831942703	323.00144807167027
m_12	sit'a	t'	c	f	27.43769287417308	323.00144807167027	323.02888576454444
m_12	sit'a	t'	c	pf	52.263361187840474	323.02888576454444	323.0811491257323
m_12	sit'a	a	c	cv	23.281364192143883	323.0811491257323	323.1044304899244
m_12	sit'a	a	c	m	193.31275273844994	323.1044304899244	323.2977432426629
m_12	t'uka	t'	i1	f	18.4536695437032	326.2141787727992	326.2326324423429
m_12	t'uka	t'	i1	pf	93.72521636663578	326.2326324423429	326.3263576587095
m_12	t'uka	u	i1	m	99.55269095934227	326.3263576587095	326.42591034966887
m_12	t'uka	k	i1	cd	98.4399205294153	326.42591034966887	326.5243502701983
m_12	t'uka	k	i1	f	43.89515716849246	326.5243502701983	326.5682454273668
m_12	t'uka	a	i1	m	213.6740684006213	326.5682454273668	326.7819194957674
m_12	t'uka	t'	i2	f	26.211458399416188	328.0684218950826	328.09463335348204
m_12	t'uka	t'	i2	pf	89.27511258178811	328.09463335348204	328.1839084660638
m_12	t'uka	u	i2	m	85.8378959504762	328.1839084660638	328.2697463620143
m_12	t'uka	k	i2	cd	92.69988797723272	328.2697463620143	328.36244624999154
m_12	t'uka	k	i2	f	46.26683598468162	328.36244624999154	328.4087130859762
m_12	t'uka	a	i2	m	237.17233458319242	328.4087130859762	328.6458854205594
m_12	t'uka	t'	i3	f	22.544405704593373	329.55294908063394	329.57549348633853
m_12	t'uka	t'	i3	pf	86.37816155538758	329.57549348633853	329.6618716478939
m_12	t'uka	u	i3	m	108.48685766774224	329.6618716478939	329.77035850556166
m_12	t'uka	k	i3	cd	67.1466986653968	329.77035850556166	329.83750520422706
m_12	t'uka	k	i3	f	47.75499771824343	329.83750520422706	329.8852602019453
m_12	t'uka	a	i3	m	225.33989802110455	329.8852602019453	330.1106000999664
m_12	t'uka	t'	c	f	22.691986452798574	331.449880471309	331.47257245776177
m_12	t'uka	t'	c	pf	42.81707731104234	331.47257245776177	331.5153895350728
m_12	t'uka	u	c	m	96.55687509848576	331.5153895350728	331.6119464101713
m_12	t'uka	k	c	cd	58.48219768438412	331.6119464101713	331.6704286078557
m_12	t'uka	k	c	f	41.2484095883201	331.6704286078557	331.711677017444
m_12	t'uka	a	c	m	233.75601465562568	331.711677017444	331.94543303209963
m_12	ũʔetsu	e	i1	m	167.35768801351014	335.2239649949304	335.3913226829439
m_12	ũʔetsu	ts	i1	cd	55.51797327859731	335.3913226829439	335.4468406562225
m_12	ũʔetsu	ts	i1	f	106.95523536128348	335.4468406562225	335.5537958915838
m_12	ũʔetsu	u	i1	m	276.8728571283532	335.5537958915838	335.8306687487121
m_12	ũʔetsu	e	i2	m	145.46590932275194	336.7592034851186	336.9046693944413
m_12	ũʔetsu	ts	i2	cd	34.973748793674986	336.9046693944413	336.939643143235
m_12	ũʔetsu	ts	i2	f	129.71656048824798	336.939643143235	337.06935970372325
m_12	ũʔetsu	u	i2	m	248.27378024718882	337.06935970372325	337.31763348397044
m_12	ũʔetsu	e	i3	m	152.73528578234163	338.3889712415191	338.5417065273014
m_12	ũʔetsu	ts	i3	cd	57.15515431057838	338.5417065273014	338.598861681612
m_12	ũʔetsu	ts	i3	f	108.55528678627024	338.598861681612	338.70741696839826
m_12	ũʔetsu	u	i3	m	264.1714936612516	338.70741696839826	338.9715884620595
m_12	ũʔetsu	e	c	m	142.17937118417012	340.46124750547506	340.6034268766592
m_12	ũʔetsu	ts	c	cd	58.066413232154446	340.6034268766592	340.6614932898914
m_12	ũʔetsu	ts	c	pf	100.62071006302631	340.6614932898914	340.7621139999544
m_12	ũʔetsu	u	c	m	196.20729642446122	340.7621139999544	340.95832129637887
m_12	χodib	o	i1	m	107.5192303046606	347.18281790327245	347.2903371335771
m_12	χodib	d	i1	cd	62.81507271529563	347.2903371335771	347.3531522062924
m_12	χodib	d	i1	f	30.03192824951384	347.3531522062924	347.3831841345419
m_12	χodib	i	i1	m	168.19966236590744	347.3831841345419	347.5513837969078
m_12	χodib	o	i2	m	122.73400566544979	349.15852079664717	349.2812548023126
m_12	χodib	d	i2	cd	66.74475419089276	349.2812548023126	349.3479995565035
m_12	χodib	d	i2	f	28.699549197028773	349.3479995565035	349.37669910570054
m_12	χodib	i	i2	m	163.84605414924636	349.37669910570054	349.5405451598498
m_12	χodib	o	i3	m	114.90593055168574	351.0398096205451	351.1547155510968
m_12	χodib	d	i3	cd	73.9104747727879	351.1547155510968	351.2286260258696
m_12	χodib	d	i3	f	33.55591544561776	351.2286260258696	351.2621819413152
m_12	χodib	i	i3	m	156.2521389166136	351.2621819413152	351.4184340802318
m_12	χodib	o	c	m	91.01534719337678	353.13296051081875	353.2239758580121
m_12	χodib	d	c	cd	62.34451086191939	353.2239758580121	353.28632036887404
m_12	χodib	d	c	f	26.358945897754893	353.28632036887404	353.3126793147718
m_12	χodib	i	c	m	139.55725524914442	353.3126793147718	353.45223657002094
m_12	qχabartʃa	qχ	i1	f	119.85153900661771	356.7714205647095	356.8912721037161
m_12	qχabartʃa	a	i1	m	85.97825779565937	356.8912721037161	356.9772503615118
m_12	qχabartʃa	b	i1	cd	84.8297740060957	356.9772503615118	357.0620801355179
m_12	qχabartʃa	b	i1	f	4.550262272800865	357.0620801355179	357.0666303977907
m_12	qχabartʃa	b	i1	pf	27.071528077215135	357.0666303977907	357.0937019258679
m_12	qχabartʃa	a	i1	m	93.24782951040334	357.0937019258679	357.1869497553783
m_12	qχabartʃa	qχ	i2	f	94.58045152706518	358.43559641615985	358.5301768676869
m_12	qχabartʃa	a	i2	m	79.41336349171024	358.5301768676869	358.60959023117863
m_12	qχabartʃa	b	i2	cd	63.71910777397716	358.60959023117863	358.6733093389526
m_12	qχabartʃa	b	i2	f	7.475430876695555	358.6733093389526	358.6807847698293
m_12	qχabartʃa	b	i2	pf	26.976554902944372	358.6807847698293	358.70776132473225
m_12	qχabartʃa	a	i2	m	94.44173439703718	358.70776132473225	358.8022030591293
m_12	qχabartʃa	qχ	i3	f	59.86587310650293	360.19777383629776	360.25763970940426
m_12	qχabartʃa	a	i3	m	81.57970217627053	360.25763970940426	360.33921941158053
m_12	qχabartʃa	b	i3	cd	67.92891535792478	360.33921941158053	360.40714832693845
m_12	qχabartʃa	b	i3	f	8.775505811797757	360.40714832693845	360.41592383275025
m_12	qχabartʃa	b	i3	pf	16.25093668849331	360.41592383275025	360.43217476943875
m_12	qχabartʃa	a	i3	m	96.94830085607009	360.43217476943875	360.5291230702948
m_12	qχabartʃa	qχ	c	f	28.855665414880605	362.09891718376093	362.1277728491758
m_12	qχabartʃa	a	c	m	58.83557753418245	362.1277728491758	362.18660842671
m_12	qχabartʃa	b	c	cd	63.70731325353063	362.18660842671	362.2503157399635
m_12	qχabartʃa	b	c	f	8.99397363582466	362.2503157399635	362.25930971359935
m_12	qχabartʃa	b	c	pf	8.619224734275122	362.25930971359935	362.2679289383336
m_12	qχabartʃa	a	c	m	76.82352480577492	362.2679289383336	362.3447524631394
m_12	qχota	qχ	i1	f	106.05393912209138	369.05810629553054	369.1641602346526
m_12	qχota	o	i1	m	77.27025143424271	369.1641602346526	369.24143048608687
m_12	qχota	t	i1	cd	66.82239369450826	369.24143048608687	369.3082528797814
m_12	qχota	t	i1	f	41.48003883659612	369.3082528797814	369.349732918618
m_12	qχota	a	i1	m	214.1780508321176	369.349732918618	369.5639109694501
m_12	qχota	qχ	i2	f	108.12006927039874	370.72475701286106	370.83287708213146
m_12	qχota	o	i2	m	90.43808853994051	370.83287708213146	370.9233151706714
m_12	qχota	t	i2	cd	58.79920561091012	370.9233151706714	370.9821143762823
m_12	qχota	t	i2	f	35.47740530854071	370.9821143762823	371.01759178159085
m_12	qχota	a	i2	m	242.22095868515225	371.01759178159085	371.259812740276
m_12	qχota	qχ	i3	f	78.27283089812909	372.16441996067954	372.24269279157767
m_12	qχota	o	i3	m	87.89295536604413	372.24269279157767	372.3305857469437
m_12	qχota	t	i3	cd	58.01075263565281	372.3305857469437	372.38859649957936
m_12	qχota	t	i3	f	50.43428682091644	372.38859649957936	372.4390307864003
m_12	qχota	a	i3	m	249.4040374448332	372.4390307864003	372.6884348238451
m_12	qχota	qχ	c	f	71.36554884073121	374.1703883723279	374.24175392116865
m_12	qχota	o	c	m	65.70496260002301	374.24175392116865	374.3074588837687
m_12	qχota	t	c	cd	52.169526498687446	374.3074588837687	374.35962841026736
m_12	qχota	t	c	f	38.71026509597186	374.35962841026736	374.39833867536333
m_12	qχota	a	c	m	203.83027136148257	374.39833867536333	374.6021689467248
m_12	qχuqχadir	qχ	i1	f	88.27040868681024	378.4039056834524	378.49217609213923
m_12	qχuqχadir	u	i1	m	56.0611440933485	378.49217609213923	378.5482372362326
m_12	qχuqχadir	qχ	i1	cd	84.39741751425345	378.5482372362326	378.63263465374683
m_12	qχuqχadir	qχ	i1	f	65.34042493740344	378.63263465374683	378.69797507868424
m_12	qχuqχadir	a	i1	m	94.86978096117582	378.69797507868424	378.7928448596454
m_12	qχuqχadir	d	i1	cd	65.60205073350289	378.7928448596454	378.8584469103789
m_12	qχuqχadir	d	i1	f	31.02285678841099	378.8584469103789	378.8894697671673
m_12	qχuqχadir	i	i1	m	196.821195557618	378.8894697671673	379.08629096272495
m_12	qχuqχadir	qχ	i2	f	46.4484735605879	380.76289278627627	380.80934125983686
m_12	qχuqχadir	u	i2	m	77.36981851547853	380.80934125983686	380.88671107835233
m_12	qχuqχadir	qχ	i2	cd	64.77364606894298	380.88671107835233	380.9514847244213
m_12	qχuqχadir	qχ	i2	f	79.3287608557307	380.9514847244213	381.030813485277
m_12	qχuqχadir	a	i2	m	113.33201814733229	381.030813485277	381.14414550342434
m_12	qχuqχadir	d	i2	cd	74.34918033061422	381.14414550342434	381.21849468375495
m_12	qχuqχadir	d	i2	f	33.223063066031955	381.21849468375495	381.251717746821
m_12	qχuqχadir	i	i2	m	252.5297210091253	381.251717746821	381.5042474678301
m_12	qχuqχadir	qχ	i3	f	63.239705786713785	382.8866134460365	382.9498531518232
m_12	qχuqχadir	u	i3	m	68.99324079239477	382.9498531518232	383.0188463926156
m_12	qχuqχadir	qχ	i3	cd	93.3330830231398	383.0188463926156	383.11217947563875
m_12	qχuqχadir	qχ	i3	f	58.442210864996014	383.11217947563875	383.17062168650375
m_12	qχuqχadir	a	i3	m	108.59783959239167	383.17062168650375	383.27921952609614
m_12	qχuqχadir	d	i3	cd	72.83469563020617	383.27921952609614	383.35205422172635
m_12	qχuqχadir	d	i3	f	25.418536853237583	383.35205422172635	383.3774727585796
m_12	qχuqχadir	i	i3	m	242.63950618433228	383.3774727585796	383.6201122647639
m_12	qχuqχadir	qχ	c	f	50.82836838624871	385.4680682615068	385.51889662989305
m_12	qχuqχadir	u	c	m	74.06609567175337	385.51889662989305	385.5929627255648
m_12	qχuqχadir	qχ	c	cd	98.70427438545448	385.5929627255648	385.69166699995026
m_12	qχuqχadir	qχ	c	f	50.1662891124397	385.69166699995026	385.7418332890627
m_12	qχuqχadir	a	c	m	94.39836556163073	385.7418332890627	385.8362316546243
m_12	qχuqχadir	d	c	cd	66.67401549077567	385.8362316546243	385.9029056701151
m_12	qχuqχadir	d	c	f	19.4049580024398	385.9029056701151	385.92231062811754
m_12	qχuqχadir	i	c	m	183.0014985082471	385.92231062811754	386.1053121266258
m_12	tʃ'eɡu	tʃ'	i1	f	61.56340366203494	390.69013818756105	390.7517015912231
m_12	tʃ'eɡu	tʃ'	i1	pf	65.68726802220226	390.7517015912231	390.8173888592453
m_12	tʃ'eɡu	e	i1	cv	9.900886984780755	390.8173888592453	390.82728974623006
m_12	tʃ'eɡu	e	i1	m	133.01813316184052	390.82728974623006	390.9603078793919
m_12	tʃ'eɡu	g	i1	cd	71.72578369238636	390.9603078793919	391.0320336630843
m_12	tʃ'eɡu	g	i1	f	17.971773994645446	391.0320336630843	391.05000543707894
m_12	tʃ'eɡu	u	i1	m	265.3966198947728	391.05000543707894	391.3154020569737
m_12	tʃ'eɡu	tʃ'	i2	f	56.58172698110775	392.3966699477773	392.4532516747584
m_12	tʃ'eɡu	tʃ'	i2	pf	91.99054246772675	392.4532516747584	392.54524221722613
m_12	tʃ'eɡu	e	i2	cv	9.979429694112696	392.54524221722613	392.55522164692024
m_12	tʃ'eɡu	e	i2	m	154.38602123134615	392.55522164692024	392.7096076681516
m_12	tʃ'eɡu	g	i2	cd	80.73821265838887	392.7096076681516	392.79034588081
m_12	tʃ'eɡu	g	i2	f	18.352179842395344	392.79034588081	392.8086980606524
m_12	tʃ'eɡu	u	i2	m	279.7443010475149	392.8086980606524	393.0884423616999
m_12	tʃ'eɡu	tʃ'	i3	f	58.72187725333333	393.88911021995165	393.947832097205
m_12	tʃ'eɡu	tʃ'	i3	pf	76.54092966123471	393.947832097205	394.0243730268662
m_12	tʃ'eɡu	e	i3	m	159.23432017507366	394.0243730268662	394.1836073470413
m_12	tʃ'eɡu	g	i3	cd	66.01148960203318	394.1836073470413	394.2496188366433
m_12	tʃ'eɡu	g	i3	f	19.236477031256527	394.2496188366433	394.2688553136746
m_12	tʃ'eɡu	u	i3	m	261.6160876252138	394.2688553136746	394.5304714012998
m_12	tʃ'eɡu	tʃ'	c	cd	23.488750901321964	395.77730624850693	395.80079499940825
m_12	tʃ'eɡu	tʃ'	c	f	42.11776023691982	395.80079499940825	395.8429127596452
m_12	tʃ'eɡu	tʃ'	c	pf	54.267114151343776	395.8429127596452	395.8971798737965
m_12	tʃ'eɡu	e	c	m	127.16323763828541	395.8971798737965	396.0243431114348
m_12	tʃ'eɡu	g	c	cd	60.90233736290429	396.0243431114348	396.0852454487977
m_12	tʃ'eɡu	g	c	f	22.678793973739175	396.0852454487977	396.10792424277145
m_12	tʃ'eɡu	u	c	m	225.97798280935422	396.10792424277145	396.3339022255808
m_12	tʃunk'a	tʃ	i1	f	88.62102072765765	399.106253086454	399.19487410718165
m_12	tʃunk'a	u)	i1	m	91.94339078101166	399.19487410718165	399.28681749796266
m_12	tʃunk'a	tʃ	i2	f	90.3358566469592	401.059057291825	401.149393148472
m_12	tʃunk'a	u	i2	m	84.32844003618811	401.149393148472	401.23372158850816
m_12	tʃunk'a	tʃ	i3	f	98.85327229198992	402.7830709179069	402.8819241901989
m_12	tʃunk'a	u	i3	m	105.81138020324943	402.8819241901989	402.98773557040215
m_12	tʃunk'a	tʃ	c	f	59.904339064416945	404.89990457966894	404.95980891873336
m_12	tʃunk'a	u	c	m	99.75807268540393	404.95980891873336	405.05956699141876
m_12	tʃak:u	tʃ	i1	f	70.77235721692432	408.4499761288801	408.52074848609703
m_12	tʃak:u	a	i1	m	102.03579158172715	408.52074848609703	408.62278427767876
m_12	tʃak:u	k:	i1	cd	88.27815676175987	408.62278427767876	408.7110624344405
m_12	tʃak:u	k:	i1	f	125.72949599399408	408.7110624344405	408.8367919304345
m_12	tʃak:u	u	i1	m	216.37399239546085	408.8367919304345	409.05316592283
m_12	tʃak:u	tʃ	i2	f	71.09273454727827	410.1987649686875	410.2698577032348
m_12	tʃak:u	a	i2	m	110.08517921715111	410.2698577032348	410.3799428824519
m_12	tʃak:u	k:	i2	cd	99.70518200896095	410.3799428824519	410.4796480644609
m_12	tʃak:u	k:	i2	f	120.75422742321962	410.4796480644609	410.6004022918841
m_12	tʃak:u	u	i2	m	230.1585441649081	410.6004022918841	410.830560836049
m_12	tʃak:u	tʃ	i3	f	90.24470940369156	411.8863724230765	411.9766171324802
m_12	tʃak:u	a	i3	m	101.91994551774997	411.9766171324802	412.07853707799796
m_12	tʃak:u	k:	i3	cd	108.14214308254577	412.07853707799796	412.1866792210805
m_12	tʃak:u	k:	i3	f	117.8498010985436	412.1866792210805	412.30452902217905
m_12	tʃak:u	u	i3	m	222.4852509388029	412.30452902217905	412.52701427311786
m_12	tʃak:u	tʃ	c	f	77.30246506230287	413.7578940121089	413.8351964771712
m_12	tʃak:u	a	c	m	92.36312981221317	413.8351964771712	413.92755960698344
m_12	tʃak:u	k:	c	cd	83.04208001464986	413.92755960698344	414.0106016869981
m_12	tʃak:u	k:	c	f	99.14207511951645	414.0106016869981	414.1097437621176
m_12	tʃak:u	u	c	m	199.97888656587293	414.1097437621176	414.3097226486835
